nama,AIR MINERAL,BAKSO SAPI,CAPPUCINO CINCAU,CWIE MIE,CWIE MIE BAKSO,CWIE MIE PANGSIT,DIMSUM BOLA KEJU,DIMSUM BOLA RAMBUTAN,DIMSUM EKADO,DIMSUM KEICHAK,DIMSUM LUMPIA NORI,DIMSUM MONEY BAG,DIMSUM SIOMAY AYAM,DIMSUM SIOMAY BEEF,DIMSUM SIOMAY CRAB,DIMSUM SIOMAY JAMUR,DIMSUM SIOMAY KEJU,DIMSUM SIOMAY MOZARELLA,DIMSUM SIOMAY RANJAU,DIMSUM SIOMAY SALMON,DIMSUM SPRING ROLL,DIMSUM SUSHI,DIMSUM TIM TAHU,DIMSUM XIAO LONG BAO,ES BERAS KENCUR,ES JERUK,ES KOPI MILO,ES KOPI SUSU,ES KOPI SUSU RUM REGAL,ES KOPI SUSU VANILLA,ES LEMON TEA,ES MILO,ES TEH,GOODDAY CAPPUCINO,GREEN THAI TEA,HOT LEMON TEA,JERUK HANGAT,KOPI HITAM,MIE AYAM,MIE AYAM BAKSO,MIE AYAM CEKER,MIE AYAM KOMPLIT,MIE AYAM PANGSIT,MIE GEMES LV 1,MIE GEMES LV 2,MIE GEMES LV 3,MIE GEMES LV 4,MIE KALEM,MIE YAMIN (0),MIE YAMIN LV 1,MIE YAMIN LV 2,MIE YAMIN LV 3,MIE YAMIN LV 4,PANGSIT GORENG,PANGSIT REBUS,TEH HANGAT,THAI TEA
AIR MINERAL,1.0,0.05725827869647773,0.04389517586670342,0.04519230028748061,0.050889004225321964,0.05120947144283912,0.06011726641394176,0.05439990173184641,0.02619355383202715,0.042848431830504005,0.055842526127297426,0.04786703250638928,0.06537821998206442,0.015570184727839338,0.032797838734947245,0.020127005993963134,0.02531785712489247,0.044800220705884075,0.015600796964320249,0.02603809778996203,0.039545287811313785,0.022560482344833738,0.020181198644048926,0.003583892008255432,0.04600980213471772,0.08340087871012539,0.03229560908831389,0.02575751302546911,0.005177798638287748,0.018920134374275657,0.04553845394184552,0.06558617375974712,0.09551627832959417,0.033508631897583255,0.04457685389285144,0.0031921450192387017,0.0613723172173256,0.04962726451989828,0.06613848527247566,0.068836510576262,0.05563929204223875,0.005061730610361573,0.06507725797511742,0.03356977457614362,0.037465503264395045,0.029151274350283984,0.025819824119463562,0.048176018265862465,0.06295068109190462,0.06799758383222572,0.07391696987675023,0.05131351160666665,0.048846803911201594,0.01951121391386308,0.05582306490218983,0.05362572719096258,0.035123112003221144
BAKSO SAPI,0.054490060630594625,1.0,0.06729886972581538,0.03340617472481083,0.06174039763976296,0.04691359469614153,0.046742987324233876,0.040723665578856705,0.029727897168275386,0.0279068375291206,0.03217755082564927,0.02617212724522701,0.04441520468651323,0.02159533794598323,0.023933683123773673,0.01955555606957106,0.015247518522319993,0.038603586371093845,0.01075917099419822,0.02151319884774619,0.03248167715826297,0.022619462772545958,0.020996445943010714,0.0,0.06439408589239275,0.12668740104147627,0.04066413391069493,0.037374830766444926,0.006123605325226195,0.03019339890064824,0.04712066055634388,0.0869534403584952,0.15585951500551035,0.039972318765915074,0.062208909565393274,0.011324960381612834,0.08468817210974972,0.025501168728390977,0.07039985396750162,0.09964430364990383,0.085662536853472,0.004524717309458048,0.06419244917086497,0.030695031638202835,0.026892285948516614,0.020620661926709704,0.016270104533844656,0.03697892295903861,0.049606065043057965,0.05045048182330403,0.04883360806656883,0.03875065599208993,0.02560733107162143,0.057153992816111346,0.04189785540678496,0.09955374539016752,0.040589224613438515
CAPPUCINO CINCAU,0.041080093629099985,0.06729886972581542,1.0,0.05147072098925814,0.06348410212931951,0.06449266785118685,0.051715950230907914,0.06885259754787577,0.032232464676097534,0.030949467400074027,0.057226637458050206,0.05205442458774965,0.09005712921683344,0.03363243282963187,0.041401952332599794,0.03940161961362333,0.0359016980360969,0.08408610434511953,0.017769554552167128,0.040268856589263574,0.044073464403870055,0.04675670190077744,0.033118941316978415,0.0,0.05115410996937911,0.07506107536455758,0.06300017812630365,0.017431108471260018,0.01609220036791535,0.029389954743760025,0.05861225884328487,0.10598470674394052,0.08538487153628191,0.05277581187924528,0.08105255933503897,0.013390230659163477,0.03881636127691597,0.016368707661482473,0.06056576132807896,0.07659309109158298,0.06756762652215774,0.0,0.04971294833363667,0.06100071842103912,0.06005923543380419,0.035663911616628845,0.031900726401709774,0.06047273023261544,0.07214854873237955,0.09439308924223666,0.0926945183345451,0.06298577548810688,0.053276223802366685,0.03646114935544217,0.04767467564828315,0.04881037233005768,0.07160744653130266
CWIE MIE,0.04238176977306085,0.03340617472481086,0.05147072098925814,1.0,0.028898433401992295,0.039535917130837636,0.03706817433966331,0.04130880115262396,0.022601574042242997,0.03103173566525585,0.03157754750679402,0.03824560490971696,0.05055989850492525,0.026270352786605167,0.01972989317424322,0.023778878439472153,0.02731889920563971,0.04299642145039945,0.014968605711290774,0.025149421277339247,0.024914301871013244,0.029646614106826966,0.01781406024147239,0.007709967740500237,0.04436187635026953,0.07472933728263828,0.027044921954716885,0.027817386141608308,0.0037256243229938156,0.01907030922584906,0.039017056974301655,0.06850452362902665,0.0895914383520033,0.03802129475071137,0.04408188862086243,0.00861932863214851,0.04252577330685806,0.010344448229905932,0.05468211434812284,0.02175817377418427,0.025918569012474853,0.0,0.026037187578223684,0.04981188649114502,0.03199615024439242,0.01764094877814728,0.013423850746376906,0.03998087165918808,0.04474827145822902,0.05317926234903479,0.056707194629159,0.03916703981881772,0.026320654426640458,0.019025794844320727,0.0455944228469759,0.06670713037527339,0.040416122562388114
CWIE MIE BAKSO,0.04809865661731848,0.06174039763976305,0.06348410212931956,0.028898433401992312,1.0,0.06261827507880231,0.04645998236509927,0.04751594218506321,0.03295000188313769,0.042575759276538575,0.05430810878268902,0.04464042173116092,0.06002009942751614,0.03628792889413798,0.02575580873154377,0.032342930262268615,0.02236994488036696,0.0519190911026048,0.014139473105196898,0.03336269970583551,0.026852829472911996,0.03999758570773736,0.030758216074374296,0.0,0.07461103568343982,0.1010427476692858,0.045878344698634436,0.027294510373519855,0.016101612853058132,0.032401828045235344,0.05686531177109931,0.07099396156478836,0.07987189869077894,0.03476899243649378,0.06704008367503014,0.037310810259671645,0.0732911420929708,0.013034226561907782,0.024651490843967463,0.06894962299346398,0.041648220587550216,0.0,0.04700414720802833,0.0209403004644043,0.02313864798474758,0.018940503427080407,0.009617918990650915,0.030429768478155594,0.03915752737619043,0.04043871252579603,0.04107882903186962,0.0307099906667551,0.026835463602289517,0.03893517882019971,0.05358980935707234,0.07250048060574892,0.06553092888765878
CWIE MIE PANGSIT,0.04842027913089558,0.04691359469614161,0.0644926678511869,0.03953591713083768,0.06261827507880234,1.0,0.05081591511191187,0.044906568274104,0.012258913419804684,0.025455184895690743,0.05083680511013838,0.04196440324433377,0.04215313420325137,0.027376520090864512,0.029337095697145356,0.03935096603697282,0.03205836164407698,0.05224775888495159,0.010171091996363728,0.025167898423964354,0.022523135730288697,0.029883270473170066,0.016187856503024275,0.0,0.05081687129338622,0.1071726449897214,0.03248683603949913,0.02060433495401591,0.01622013018153349,0.022230198458852064,0.05419855970773716,0.0897278003193259,0.0939754185986543,0.03501373492286303,0.05514507023740196,0.020645416389407957,0.0659906450978693,0.018765812425601755,0.029512613199934822,0.03859908017980211,0.047945752006456926,0.0,0.056991558470612214,0.033554933486886505,0.028205014563747254,0.019937888854004424,0.0067761849735015894,0.041095857715118235,0.04781497379336348,0.04569417118609956,0.0462805850176148,0.042000367849477915,0.025712640111014807,0.017373694419370863,0.030067652104342823,0.08496576026212949,0.06296359226828306
DIMSUM BOLA KEJU,0.057359043869237146,0.04674298732423393,0.05171595023090794,0.03706817433966332,0.04645998236509925,0.05081591511191184,1.0,0.13702881740531275,0.052877655637468976,0.08086149117940013,0.10735158318890733,0.09455330286012587,0.05471483363581882,0.03360574325512622,0.03153352958732783,0.042461626572811495,0.027735275000445432,0.09893482704438385,0.02298159423501593,0.03258873233006306,0.07271764581780242,0.027749109548174302,0.054548123139753914,0.009557011237545453,0.037930246485159504,0.0730378022807006,0.04850040598349786,0.03100829832265682,0.01831205075048788,0.02449636070078865,0.06099436890647213,0.09228845325689805,0.09668418397444972,0.034331404388755746,0.07565869264122002,0.009870890643992328,0.02798575618126818,0.011281890929149711,0.02929161900277711,0.044931511404819026,0.028883024853630316,0.0,0.03928993038228336,0.05716193360350667,0.04947228469243296,0.04455410030486404,0.03693849526297144,0.04697860692373716,0.08227474995662036,0.1348128431922513,0.1209834913781686,0.08526695102730977,0.06852078759666078,0.027133274449616784,0.031958454420530955,0.03433048770557088,0.06923523874172505
DIMSUM BOLA RAMBUTAN,0.051621722414509894,0.040723665578856774,0.06885259754787584,0.041308801152624,0.047515942185063234,0.044906568274104,0.13702881740531284,1.0,0.05089809239222271,0.06191246839765121,0.09099599481367697,0.10773909800012513,0.07557767644058407,0.03180535714001286,0.030610212245669708,0.03386067574094167,0.026778307746896185,0.05595043731672834,0.016811170140030668,0.03331317605911775,0.05966121746811365,0.038984668506132594,0.06480121702742188,0.003178763419866693,0.0350307782305642,0.08736631012552126,0.03564370223443182,0.019574841571957158,0.006087036821476819,0.01999061782136523,0.06320773073153023,0.09361150068345883,0.10603785079606812,0.050709671099139986,0.0583398414762317,0.012665077690689234,0.03550450931611564,0.011256979232489564,0.0318335769658614,0.04570464271245217,0.033481285579044055,0.0,0.036011970288196055,0.061774089888648825,0.07168386453524189,0.05649955263661472,0.047985216837695376,0.05847631394538978,0.09300870537839832,0.12889008614287056,0.12979288596076444,0.0997454146755578,0.07448934839852972,0.03448705878820365,0.02284877603584573,0.04203496288156068,0.07082209069694137
DIMSUM EKADO,0.023320118601653915,0.029727897168275404,0.03223246467609753,0.02260157404224299,0.03295000188313765,0.012258913419804668,0.05287765563746895,0.05089809239222264,1.0,0.07387789227362344,0.07906745799390189,0.037472343842674394,0.031024617202909614,0.019841059049920895,0.03732745994870219,0.031225753711133925,0.022833798797539127,0.03967923442748805,0.003709711670533132,0.030716059598188076,0.0670417201207326,0.036101100647527716,0.050454633590863926,0.007501809677362098,0.02958037025238624,0.03275510630374992,0.012587375318929164,0.009771380141311577,0.022224863355670407,0.023948013703033864,0.03460349333928321,0.03666886300283248,0.024512432367359185,0.015866150252762258,0.025867689026731915,0.0068269322714765894,0.025224478166167144,0.003411931275218744,0.00744542821167112,0.0199838768971169,0.021579686318307104,0.0,0.02004874729141049,0.020792361305520424,0.029722112294345605,0.018900944648242615,0.011548513492518342,0.022728838546704436,0.03185618151363635,0.04407934108574552,0.04749842847686848,0.030072234746745346,0.021888371136238757,0.02255899251113573,0.01996583312765061,0.021004371303406613,0.03393280984947748
DIMSUM KEICHAK,0.04003284459704035,0.02790683752912064,0.03094946740007404,0.031031735665255866,0.04257575927653857,0.02545518489569073,0.08086149117940014,0.061912468397651174,0.0738778922736235,1.0,0.08651538776854109,0.09100554654401224,0.036415007140837286,0.04040746333710159,0.03670984722670817,0.03172547500771959,0.018485361384427745,0.04017981035764105,0.017653147601205142,0.03837760233651609,0.0640558097138546,0.03253754097959183,0.07945918332462726,0.02383994443379065,0.023003730459135074,0.04296416705235716,0.022041809366134858,0.025575899136828607,0.0,0.01915219378097941,0.03690261769054501,0.03865644795114832,0.04551480678453621,0.023064968145872423,0.035380980100891905,0.005415507431120563,0.018128954620465272,0.005415507431120562,0.016187102287201913,0.026871144202529236,0.02605187351086967,0.0,0.025019816885136957,0.03040476832778948,0.01814457564844283,0.02157305187328082,0.02982401840070616,0.02720137998529675,0.03609968909485403,0.05880856859823413,0.0650420647757981,0.06528869625754702,0.04615379520829717,0.01528933948784079,0.017669894495239383,0.019167717109081127,0.04532226988397095
DIMSUM LUMPIA NORI,0.053069623246899275,0.032177550825649305,0.057226637458050206,0.03157754750679403,0.054308108782689,0.05083680511013834,0.10735158318890732,0.09099599481367689,0.07906745799390191,0.08651538776854105,1.0,0.12246953097548068,0.05745214557251054,0.028939289482877946,0.03782258063901239,0.04107439933835883,0.026485146628710383,0.07326088218977117,0.006192774295564228,0.030873541994731062,0.07714738372525556,0.03735512908133523,0.045430882050100305,0.00423625929452921,0.04586992862581491,0.07295329235883362,0.03937124685457692,0.018118414504116036,0.012344911810890574,0.031621951958140174,0.059545131674922466,0.08365974127716924,0.06796436272209481,0.04182445607029948,0.06438297293314155,0.019049378946176757,0.030518155781337944,0.013328537612633506,0.03228785527800045,0.05016486871210771,0.0363536876550101,0.0,0.031169176052304386,0.045029263614554525,0.051722431107645066,0.030810074501228888,0.032521664467923,0.04474403821690193,0.06678540011031772,0.09384433072989284,0.07963390980521043,0.07022949555910667,0.059560461275678524,0.018729842758359906,0.029560033280092327,0.042096435183343356,0.05622687194253781
DIMSUM MONEY BAG,0.04506606104399195,0.026172127245227036,0.05205442458774966,0.03824560490971697,0.044640421731160895,0.041964403244333745,0.09455330286012587,0.10773909800012507,0.037472343842674415,0.09100554654401224,0.12246953097548069,1.0,0.051701251983951965,0.033668819413233825,0.03218034800995587,0.03979199232005482,0.015138109485856963,0.07718608431913193,0.01199365164218229,0.027851244660740092,0.07359059126062799,0.035049188158435524,0.06084932475818975,0.004106492143315081,0.0344504277906145,0.07533673781735159,0.0391947679054226,0.03379585059761253,0.011949096253031269,0.03499487667293847,0.05410032955923031,0.06487452968462523,0.0762009008542579,0.039519530830507674,0.04795409796865657,0.003683219866126991,0.030202983204919702,0.007368494302935386,0.028585525478367506,0.03481169358008759,0.0333744131743095,0.0,0.026244651363090475,0.04158466626333364,0.042992881642792795,0.029041816927747183,0.0162085071054777,0.039879720278483174,0.05841386647509306,0.10158022631064949,0.09145627376287145,0.07555987012461743,0.05342779686148083,0.01708075574826376,0.01968834963577833,0.03112396927226587,0.055360992988937215
DIMSUM SIOMAY AYAM,0.06263816340047396,0.04441520468651325,0.09005712921683343,0.05055989850492524,0.060020099427516085,0.042153134203251306,0.05471483363581879,0.07557767644058397,0.031024617202909614,0.03641500714083726,0.05745214557251051,0.05170125198395194,1.0,0.04699952879271984,0.05639421449021378,0.07049763151350882,0.05167844193883191,0.0835266088257864,0.024064158260279456,0.04752048418631703,0.037474809046768,0.06751746523577459,0.030149650715872427,0.006655970028252353,0.044124645651379184,0.09621266286937087,0.03824063611789032,0.024891969777436136,0.009582481945621758,0.0244971763208906,0.05943647190000782,0.10064864211337035,0.10689309226914417,0.047452673808085225,0.06993858562327113,0.020687202569414854,0.05560591325781428,0.023646616779948604,0.03990981957773174,0.06028286456983595,0.047481081537631226,0.0,0.03320507746904511,0.07633582330312404,0.05966849928439909,0.043800735503771435,0.034001841113147635,0.05856292236484518,0.09220100419174374,0.11381760178294852,0.10295055911031456,0.08512463263008531,0.06563833361497891,0.024959233343140128,0.036356634449919274,0.05052991136204237,0.06025718129892463
DIMSUM SIOMAY BEEF,0.012657312288331935,0.02159533794598324,0.03363243282963185,0.026270352786605156,0.03628792889413795,0.027376520090864477,0.0336057432551262,0.03180535714001282,0.019841059049920895,0.040407463337101546,0.028939289482877925,0.033668819413233804,0.04699952879271984,1.0,0.0728430853895255,0.03419315540942696,0.05376729715568813,0.047921232128726246,0.027120703260642934,0.07390285893249507,0.02345898781343492,0.08001711044379368,0.026035334228076384,0.0068387889644220285,0.028818225960253838,0.04292688857845623,0.024947618609907185,0.017949972010519427,0.0,0.01216267952342263,0.03673733450869349,0.03687870185546436,0.03143454494483503,0.00650253108086209,0.03661849065035931,0.0249659688107695,0.01987097928756765,0.00622692321702765,0.01637018374954782,0.01778876122764204,0.02106589886182351,0.0,0.008269961162670574,0.02953611421666348,0.019333187435665256,0.02562150069735996,0.021387667132813728,0.0275967707809726,0.03213390757772415,0.04885731760869816,0.055164459703398686,0.031290688218434864,0.020352499571052816,0.015588364214610496,0.012782583211468173,0.028870843446913208,0.031508894672960246
DIMSUM SIOMAY CRAB,0.029947443866623874,0.023933683123773718,0.041401952332599835,0.019729893174243236,0.025755808731543782,0.029337095697145356,0.03153352958732785,0.030610212245669708,0.03732745994870224,0.036709847226708184,0.03782258063901243,0.03218034800995589,0.05639421449021386,0.0728430853895256,1.0,0.046307291143545155,0.06267002676388359,0.05535496692476778,0.023391845144189433,0.07468377544230728,0.02674982377570622,0.07343548069209392,0.023870037803285758,0.006745135873314529,0.014209946405393713,0.04188030817776547,0.03290513800669138,0.01993827160493829,0.023304172612897182,0.01440763318314339,0.03861086418159748,0.05074262762574748,0.044951164331664975,0.029013625177986932,0.040052479520374315,0.00921566467133857,0.018544823178944035,0.01845233235310863,0.014785352690116674,0.02802870255921529,0.02083588517843511,0.0,0.01330016545615648,0.033966917366934996,0.031006941531312844,0.018643397924433626,0.016594275973897264,0.027298382406245443,0.032405364410632125,0.04924819800911317,0.050959634847253465,0.03259051803679287,0.021092338652866076,0.01539845374724376,0.012634132787474085,0.027633967203079035,0.03115903836047316
DIMSUM SIOMAY JAMUR,0.017230592917286455,0.01955555606957105,0.039401619613623276,0.02377887843947212,0.03234293026226856,0.03935096603697274,0.042461626572811426,0.03386067574094159,0.031225753711133904,0.03172547500771954,0.041074399338358776,0.03979199232005476,0.07049763151350877,0.03419315540942693,0.04630729114354506,1.0,0.05850258837925045,0.06004110792054265,0.026577112739051126,0.044348660991733235,0.02304177917257825,0.04360390381266342,0.03811516346202546,0.00670375832737169,0.02548849958832272,0.04449076795982345,0.009782407642913243,0.010997446401918463,0.009910386982947562,0.023904058415451,0.03387647559010789,0.05185433178697958,0.03991963434096082,0.025637631587703,0.03413894059266354,0.006103645623149526,0.02677391003524002,0.009158886692779982,0.014697230306887276,0.027894275686784393,0.02866157873314267,0.0,0.017316202024476056,0.029809014490795534,0.03450202409834545,0.014564204712643365,0.00599252627586265,0.01990442437357614,0.04079934963285792,0.05265379645974441,0.05277303171312058,0.03650470609398353,0.03344452534464122,0.013608974869802695,0.015367757796115409,0.02658022061847887,0.03768241848158794
DIMSUM SIOMAY KEJU,0.02244084514065736,0.015247518522320013,0.03590169803609693,0.027318899205639725,0.022369944880366956,0.032058361644076966,0.027735275000445436,0.02677830774689617,0.022833798797539148,0.018485361384427745,0.02648514662871039,0.015138109485856964,0.05167844193883195,0.05376729715568817,0.06267002676388356,0.05850258837925055,1.0,0.05400102215970354,0.03924191851423341,0.05592847843576114,0.024509119449991332,0.04640658887510628,0.017799796968410227,0.007183248468463435,0.025514989493922745,0.04527287406921145,0.029529502731681867,0.018798994428608932,0.0,0.015303774654488667,0.0262363574062251,0.048280879927131266,0.036669410014202146,0.01699037947877336,0.04511454949790536,0.016370133678989075,0.026395420397156928,0.00653977703873819,0.0128305708455003,0.02184964263538946,0.0166764828900093,0.0,0.015060849079572482,0.039242194636691034,0.02297141319740303,0.0295116653105079,0.01591670750358478,0.021972583342034144,0.049488993533907816,0.04932943944103766,0.04321519697834697,0.04282306003671687,0.025198858688153362,0.009033155900315873,0.005914124240773282,0.022243568739608803,0.04691611089171751
DIMSUM SIOMAY MOZARELLA,0.04198824822299526,0.038603586371093845,0.08408610434511946,0.04299642145039942,0.051919091102604724,0.0522477588849515,0.09893482704438372,0.05595043731672824,0.03967923442748803,0.040179810357641,0.07326088218977109,0.07718608431913185,0.08352660882578636,0.04792123212872622,0.05535496692476768,0.060041107920542666,0.054001022159703455,1.0,0.0212648822011669,0.06733393876390555,0.03051529007655504,0.05535179486997413,0.024665665707697394,0.0036588261610038075,0.04372451984437653,0.07464635646259024,0.03944393930975536,0.009557295666388698,0.017650950447647355,0.024508467217898396,0.05449687257064948,0.10767238567715245,0.09891675895508867,0.03785359953307781,0.07477379215610859,0.01469212117861679,0.05019709481323259,0.016326341557489132,0.03145543422598179,0.043645210205736716,0.03830005891530065,0.0,0.027835711131168527,0.05858058890092647,0.03763786495104023,0.03052688407953835,0.021251162601192978,0.050204697285923576,0.08275411384718989,0.12272169303581502,0.09098932951107463,0.07624328310117243,0.05904788282277304,0.02469562937662967,0.03199737506288568,0.04187694690654795,0.07009349970456039
DIMSUM SIOMAY RANJAU,0.01269228705991731,0.010759170994198231,0.017769554552167128,0.014968605711290774,0.014139473105196886,0.010171091996363717,0.02298159423501592,0.016811170140030647,0.0037097116705331334,0.017653147601205132,0.0061927742955642275,0.011993651642182286,0.024064158260279467,0.02712070326064294,0.02339184514418941,0.02657711273905116,0.03924191851423339,0.021264882201166922,1.0,0.018308189622186194,0.006662360384893835,0.02050973230300974,0.003627613587237726,0.014514597114573174,0.01040124428926515,0.018313843942538422,0.012171519899759748,0.008555371394229919,0.0,0.004701532711809599,0.010225063577560848,0.01340319494005658,0.007401094884422848,0.0029738668130546843,0.010268496494930193,0.006276863605287983,0.003932437356221767,0.0,0.006197262659706228,0.011522206722344488,0.007141270064796087,0.0,0.005530316718206071,0.005779638178114458,0.013107750350361014,0.014548326015095132,0.019430820272675103,0.0065399989148777135,0.012168289855608052,0.023337988936244364,0.02246670100514564,0.017576735079832123,0.029352265223104378,0.006372523448028208,0.007699426071859378,0.004964784829383913,0.01604507177751986
DIMSUM SIOMAY SALMON,0.02316249739833078,0.021513198847746252,0.04026885658926366,0.0251494212773393,0.03336269970583555,0.02516789842396438,0.032588732330063125,0.03331317605911778,0.03071605959818815,0.038377602336516145,0.030873541994731118,0.02785124466074014,0.047520484186317144,0.07390285893249524,0.07468377544230737,0.044348660991733374,0.05592847843576122,0.06733393876390575,0.018308189622186232,1.0,0.023016801833759353,0.07449105363838339,0.0250983240550895,0.02470366596305796,0.026380668251726417,0.04317378529466753,0.021243030059136546,0.016269545137537252,0.0060722134585276385,0.0021986763783504006,0.04865000986733337,0.042281436634447576,0.04745233105418465,0.019339165851656542,0.04445455274846081,0.011236986849264377,0.03740495794030953,0.02250318143857986,0.017388941063939393,0.027638598102405102,0.031460582532740825,0.0,0.020018701054689787,0.02692406596982475,0.022926377385037104,0.013576571055399403,0.02235864301704326,0.02373614253433267,0.04801164232459633,0.05320172056811509,0.052861081587405566,0.03344300859707267,0.033997244882209725,0.012630753445372376,0.02607169756077216,0.03177963575735003,0.03313140599787908
DIMSUM SPRING ROLL,0.036719313673385975,0.03248167715826295,0.04407346440387,0.024914301871013213,0.02685282947291194,0.02252313573028865,0.0727176458178023,0.05966121746811351,0.06704172012073255,0.06405580971385448,0.07714738372525544,0.07359059126062786,0.037474809046767955,0.023458987813434896,0.026749823775706158,0.02304177917257825,0.024509119449991287,0.030515290076555023,0.006662360384893826,0.023016801833759277,1.0,0.018175082684793918,0.05464775612178844,0.0,0.02845209983142688,0.04013998468449341,0.031217528583243125,0.019914867909085695,0.006637389983921325,0.019200852662250467,0.032873422361605835,0.03780638700048221,0.04795009269684132,0.02090481637391239,0.036185101134583994,0.009204233047580513,0.021661534978942232,0.01227694631517613,0.027109209109505907,0.031212654440990847,0.023798024434246865,0.0,0.02456582904893747,0.02675049724014679,0.028234141282936255,0.02129314606305384,0.015066078959450755,0.022714069507280017,0.03666319058275226,0.04326323459577518,0.05504026147517212,0.046467862106027706,0.038395154547270514,0.011956931583498608,0.02811277127121365,0.027606980013260982,0.03001148049393011
DIMSUM SUSHI,0.019673109246165436,0.022619462772545968,0.04675670190077742,0.029646614106826952,0.039997585707737315,0.029883270473170024,0.02774910954817428,0.03898466850613254,0.036101100647527716,0.0325375409795918,0.03735512908133522,0.035049188158435496,0.06751746523577459,0.08001711044379368,0.07343548069209382,0.043603903812663464,0.046406588875106236,0.05535179486997416,0.020509732303009735,0.07449105363838321,0.018175082684793932,1.0,0.039204112625987074,0.0,0.034876958004083955,0.04208799986114562,0.028512486355226768,0.020372602031635392,0.010204209888056556,0.027048915277340976,0.027718364225479276,0.060646256862813164,0.05080093876972831,0.014764275341352162,0.04566274802018614,0.01257590213793605,0.032878821333535445,0.015726087772526876,0.011626948952604653,0.030984006289473183,0.022229561711230406,0.0,0.01981099675394203,0.02571164535326257,0.023188740562550117,0.016280593783390404,0.013839024094695849,0.03430325217709004,0.06300546316276498,0.04222155718352878,0.04556263090880382,0.03733811567388148,0.02931353345636144,0.010466446171267551,0.030131295171074032,0.03566887817749796,0.03401534536557379
DIMSUM TIM TAHU,0.02030669276116802,0.024003748424684366,0.036084148632296566,0.020833296475943903,0.033733016335024506,0.019212994445836174,0.057438010115759844,0.06765529060472421,0.053363730695358894,0.08226985959757856,0.04835528331406623,0.06372043479208175,0.03312517380752792,0.02902763417204774,0.026869722951154886,0.041066312311027864,0.020820185624736323,0.027660877982033892,0.006695877821002942,0.028093777105116104,0.05754271733957791,0.042151553837965136,0.9999999999999999,0.013544273744615042,0.030007927046385767,0.038599066766337,0.03633419444414998,0.026706006012097157,0.00667077134332038,0.004813029053774865,0.02957781153254092,0.03319366901105335,0.033304008376437905,0.01452092490778763,0.03728823610913169,0.0030810593296441893,0.014416666517696821,0.009250190939514642,0.015526448779218886,0.023279392975298643,0.014915733153160079,0.009431871867458277,0.020542005287560162,0.027671064556590453,0.0237601503421555,0.020041599052199453,0.018165421115659247,0.020060257025806362,0.03126955344897072,0.04709884817599258,0.05007146202932066,0.03842971290191235,0.043391427398216845,0.02061633121810881,0.01832277475994111,0.020306543909467442,0.0234147669681646
DIMSUM XIAO LONG BAO,0.0006292818047077025,0.0,0.0,0.007709967740500241,0.0,0.0,0.009557011237545453,0.0031787634198666903,0.007501809677362104,0.023839944433790648,0.004236259294529211,0.004106492143315081,0.0066559700282523586,0.006838788964422034,0.006745135873314524,0.0067037583273717016,0.007183248468463434,0.0036588261610038127,0.01451459711457318,0.024703665963057907,0.0,0.0,0.010502842528969863,1.0,0.0,0.0,0.0,0.008662420388390029,0.0,0.0,0.0,0.0,0.0,0.012058216627487548,0.0,0.0,0.0022863538795998553,0.0,0.006706466178710922,0.0,0.0,0.0,0.0,0.007718563290820483,0.0033971375220568775,0.009881924543749598,0.0,0.013567431350290178,0.00467316598771722,0.012470700748146423,0.009956708129440986,0.006105635536026664,0.017842939181705438,0.0,0.02089502919668134,0.0,0.012357537732598829
ES BERAS KENCUR,0.0432041524266299,0.06439408589239283,0.051154109969379136,0.04436187635026955,0.07461103568343981,0.05081687129338619,0.03793024648515951,0.03503077823056418,0.029580370252386266,0.023003730459135074,0.045869928625814925,0.03445042779061451,0.044124645651379225,0.028818225960253865,0.014209946405393706,0.025488499588322763,0.025514989493922745,0.043724519844376586,0.010401244289265156,0.026380668251726375,0.028452099831426932,0.03487695800408398,0.02701930725047501,0.0,1.0,0.06574019521152565,0.03958138108231707,0.022723211627605683,0.0025888663756529905,0.016992139825404554,0.0529420581752111,0.07631216102064178,0.06017074716211801,0.031033554403595467,0.058103883758408345,0.01919478366827127,0.0477512636635666,0.02159935106049662,0.043383816880145504,0.0690396816013521,0.0531239641959864,0.0,0.04715040456495601,0.0351537920745569,0.03374922057576599,0.028083452435860762,0.008487092743218122,0.04801347812332722,0.05066502745017714,0.04560953553357218,0.04426749223342048,0.024823178989553125,0.022034069736763653,0.02602579486054318,0.03527604543215628,0.04019047848949856,0.04187075632606312
ES JERUK,0.0826790740715324,0.12851916761281443,0.077026567905836,0.0766930733256174,0.10293430190259234,0.10904758531421524,0.07500942177097564,0.08930043261151749,0.03482437356099126,0.04500713789140816,0.07491979298830188,0.07729749921617804,0.09812274119233755,0.04496794035925194,0.04392456435535325,0.046527628360087024,0.04730643141058493,0.07661135175062,0.020421327095322614,0.045215639677834145,0.04218925204166996,0.04413133401327905,0.037707717626176265,0.002163935860902392,0.06772153804717668,1.0,0.04040166763604592,0.03208365691930715,0.016272097326229657,0.023560575791581863,0.07514724048451325,0.14317764165067784,0.1680336803565426,0.05891818912555489,0.07900459204610025,0.01876454051682184,0.11321770934516669,0.027215751296714635,0.12416237181945407,0.16416208666251364,0.14040641000375265,0.009244600621693595,0.1152681934125195,0.08034883170511546,0.07528199790259042,0.05128146520503031,0.03667034185843176,0.08477055719217041,0.12014918003363222,0.13998742445180112,0.14569669732793258,0.10416888830294446,0.06916085413390749,0.04241321352088444,0.06101188548477794,0.0876191304692713,0.06819636689007286
ES KOPI MILO,0.029442514048463576,0.04066413391069497,0.06300017812630368,0.02704492195471689,0.045878344698634416,0.032486836039499103,0.04850040598349785,0.03564370223443179,0.012587375318929171,0.02204180936613485,0.03937124685457692,0.039194767905422596,0.03824063611789033,0.024947618609907192,0.03290513800669135,0.009782407642913256,0.02952950273168186,0.03944393930975539,0.012171519899759752,0.021243030059136504,0.03121752858324317,0.028512486355226786,0.03336693751123418,0.0,0.039581381082317055,0.038346074122488125,1.0,0.0407398184983392,0.0030286587293943037,0.028630674036892793,0.036888251888860156,0.06377353069411396,0.03882846711181203,0.0417244751757939,0.07576639124488545,0.014020865270207782,0.0383102272564396,0.01402086527020778,0.029512827868953814,0.05009767103359572,0.03419129329863924,0.0,0.03528538855614232,0.033567460640333585,0.02884381196065504,0.028401235975558412,0.02792124131068806,0.03985871591927371,0.04793332863064555,0.04799937088672341,0.044590887033136836,0.03643599667402817,0.03842857095802195,0.020511353226133282,0.04436937381562847,0.0274236063720295,0.045559504965205125
ES KOPI SUSU,0.022883787706175527,0.03737483076644493,0.017431108471260007,0.027817386141608287,0.027294510373519817,0.02060433495401587,0.031008298322656787,0.019574841571957123,0.009771380141311573,0.025575899136828575,0.018118414504116023,0.033795850597612496,0.02489196977743613,0.01794997201051942,0.01993827160493826,0.010997446401918468,0.01879899442860891,0.0095572956663887,0.008555371394229913,0.016269545137537207,0.019914867909085705,0.020372602031635385,0.0237060410062125,0.008662420388390019,0.02272321162760566,0.030007842917944873,0.04073981849833917,1.0,0.021343011261515343,0.036539136539136555,0.024867718403491737,0.03603059452496529,0.01841668183460038,0.01191828095791605,0.021959035342247028,0.007854077318972447,0.01739259780327604,0.02361563293148512,0.013733435945804827,0.03692394865908648,0.018085029489350177,0.0,0.027420600659414943,0.011173291852898745,0.012153473952537925,0.01141157826370717,0.01300134670069894,0.019866410367071916,0.028165778024030315,0.02658088922584206,0.028710137927606884,0.01677073884512641,0.020964483237922348,0.010596338718244405,0.020710168891417163,0.020113136855823464,0.02981763214145698
ES KOPI SUSU RUM REGAL,0.0022284380967624294,0.006123605325226202,0.016092200367915352,0.003725624322993817,0.016101612853058125,0.016220130181533475,0.018312050750487877,0.006087036821476814,0.022224863355670418,0.0,0.012344911810890574,0.011949096253031267,0.009582481945621764,0.0,0.02330417261289716,0.009910386982947576,0.0,0.017650950447647373,0.0,0.006072213458527627,0.0066373899839213355,0.010204209888056561,0.003602412191464148,0.0,0.002588866375652989,0.014151686882866206,0.0030286587293943037,0.021343011261515357,1.0,0.05186690518855637,0.02243071823930402,0.02064013087372144,0.00813269381892298,0.0059274057707088875,0.013642706813391265,0.01878862637697378,0.0057724474505668364,0.00625057230938496,0.004927583221147092,0.014350160043738094,0.010674145574051922,0.0,0.005509701749707337,0.008593843109459036,0.013058610531037108,0.0,0.0,0.011404996049976447,0.015428877131642673,0.015772086813868214,0.0186477675445517,0.00875173628893657,0.008590747828255875,0.009526384896004969,0.0,0.009894957103747623,0.015985480967778444
ES KOPI SUSU VANILLA,0.016021667836060998,0.030193398900648264,0.029389954743760025,0.01907030922584906,0.03240182804523532,0.02223019845885204,0.024496360700788644,0.019990617821365207,0.02394801370303387,0.0191521937809794,0.03162195195814016,0.034994876672938456,0.024497176320890608,0.012162679523422636,0.014407633183143377,0.023904058415451027,0.015303774654488662,0.024508467217898417,0.004701532711809599,0.0021986763783503963,0.01920085266225049,0.027048915277340983,0.0017378106467341463,0.0,0.016992139825404547,0.021460192804562673,0.02863067403689279,0.03653913653913658,0.051866905188556356,1.0,0.03730714332405261,0.03266169134122586,0.021165015446232237,0.015064140872106863,0.021179034308845848,0.021603611733267435,0.020561879614685117,0.008624691936082347,0.01868602107693174,0.03455445957674131,0.019501313349277356,0.0,0.016108244200774027,0.018618420558892804,0.01787522195634255,0.014092928422878057,0.00401395420086574,0.01307957998886761,0.026381410831736903,0.034105102985799884,0.03504468009673834,0.01275750407643469,0.027639993193147784,0.020706682269913568,0.02051773935113602,0.0180648194110434,0.026302629050587185
ES LEMON TEA,0.04272941630461684,0.04712066055634391,0.05861225884328485,0.03901705697430165,0.05686531177109924,0.05419855970773709,0.060994368906472085,0.06320773073153015,0.03460349333928321,0.036902617690544974,0.059545131674922425,0.05410032955923028,0.05943647190000782,0.03673733450869349,0.03861086418159743,0.03387647559010792,0.02623635740622508,0.05449687257064951,0.010225063577560844,0.048650009867333255,0.03287342236160587,0.027718364225479276,0.026588565488478835,0.0,0.05294205817521106,0.07318115350876668,0.036888251888860135,0.024867718403491747,0.02243071823930401,0.037307143324052605,1.0,0.08821559046032873,0.05441673683118442,0.04665632356639224,0.07103240429368216,0.043475584446684895,0.03162601989115429,0.011312764506217415,0.04288775507030365,0.07022389731541838,0.06438813976226546,0.0,0.05377481492641131,0.04300118746235251,0.05068011949553581,0.032292164575192704,0.02732379400959193,0.045002619994352094,0.05098158463977626,0.08200778127330009,0.07904527782107479,0.061232816472087614,0.05187106554594591,0.01855672472146184,0.03574057419796839,0.0342359626925685,0.05574895881023078
ES MILO,0.06284909442607778,0.08695344035849542,0.1059847067439407,0.06850452362902679,0.07099396156478845,0.08972780031932596,0.09228845325689819,0.09361150068345891,0.036668863002832564,0.03865644795114838,0.08365974127716938,0.06487452968462533,0.10064864211337057,0.03687870185546444,0.05074262762574753,0.05185433178697975,0.04828087992713133,0.10767238567715275,0.013403194940056607,0.04228143663444756,0.03780638700048234,0.06064625686281331,0.03022039088890706,0.0,0.0763121610206419,0.14137879584566282,0.06377353069411407,0.03603059452496539,0.02064013087372148,0.03266169134122592,0.08821559046032892,1.0,0.14679338478833628,0.08212473837434081,0.1021936386044206,0.01905823074257686,0.08459034497332164,0.025791680868083647,0.095367745344517,0.08611328977654521,0.08753598005534013,0.0036396875887857757,0.06684746863452652,0.09163297964653436,0.0700606756759187,0.04608724025468251,0.03284416716805092,0.1206762583404519,0.16481668934023097,0.14911340184242527,0.1258278637758059,0.08844224929236365,0.06246347867554164,0.03326676028140837,0.054309324418072936,0.09218840495869376,0.07568228439548665
ES TEH,0.10034891071129139,0.16267023728125357,0.0929259786603257,0.09707057984224984,0.08744729090670286,0.10139642362579218,0.10411218405251525,0.11336806855112655,0.032669033977013436,0.0534399223003511,0.07566744838833375,0.08381740032053417,0.11420798845373686,0.03951414820249747,0.052874315612902616,0.04790162139452001,0.04468533461732711,0.10630289365347481,0.015748805472874525,0.05535270178685072,0.05583849745147716,0.05865447820963233,0.038422494037728766,0.008435136694218697,0.0679389231803812,0.17306729789434835,0.04682817372312136,0.026640639423522378,0.016471363742341084,0.02935300975144378,0.062269066276134974,0.15373514337841548,1.0,0.05433704870805485,0.08540176238893944,0.015894124947544396,0.08394950606914692,0.030352445774309598,0.18901345915369822,0.16083576350671905,0.1301766776384662,0.012048721624697153,0.12502515415626786,0.1085105212230065,0.08280690455555681,0.060341708148357084,0.04512204103008631,0.1142044722846802,0.17278342183268042,0.20284582463782652,0.17542318607091864,0.12112037512642929,0.08829084360808864,0.0447974556661795,0.0630309121716747,0.13880638847726784,0.056928545806636505
GOODDAY CAPPUCINO,0.030659696549893645,0.03997231876591518,0.05277581187924536,0.03802129475071143,0.034768992436493805,0.03501373492286305,0.03433140438875579,0.05070967109914001,0.015866150252762286,0.023064968145872444,0.04182445607029954,0.039519530830507715,0.047452673808085315,0.0065025310808621015,0.029013625177986946,0.025637631587703064,0.01699037947877338,0.0378535995330779,0.002973866813054689,0.019339165851656535,0.020904816373912453,0.01476427534135219,0.011478965113402833,0.012058216627487562,0.031033554403595502,0.05691484821158967,0.04172447517579395,0.011918280957916076,0.005927405770708895,0.015064140872106885,0.04665632356639232,0.08212473837434078,0.0464231804641409,1.0,0.0383525713974182,0.005481676858201051,0.026021930587439766,0.013716886420807603,0.034000342395558075,0.03743666856129656,0.04547694213767327,0.0,0.03278667112436497,0.04172095704514574,0.04092363204780888,0.025444449240774363,0.019148974351607225,0.04588393732940177,0.04544496497374668,0.047197842960064525,0.05331797734350363,0.03581937610645718,0.030709370907169777,0.023215661044496922,0.019134992187852907,0.02948940115957395,0.021285423784774007
GREEN THAI TEA,0.04176409571192731,0.06220890956539333,0.08105255933503897,0.04408188862086243,0.06704008367503009,0.05514507023740191,0.07565869264122,0.05833984147623165,0.02586768902673192,0.03538098010089189,0.06438297293314153,0.04795409796865656,0.06993858562327115,0.036618490650359325,0.04005247952037427,0.034138940592663584,0.04511454949790533,0.07477379215610866,0.010268496494930193,0.04445455274846072,0.03618510113458404,0.045662748020186154,0.03432681832402114,0.0,0.058103883758408324,0.07704533414666308,0.07576639124488545,0.02195903534224704,0.013642706813391265,0.021179034308845848,0.07103240429368218,0.1021936386044204,0.07778598964982739,0.03835257139741814,1.0,0.018933433654833673,0.04003766538080425,0.012617238717735995,0.05469152209246756,0.0757633840491215,0.06776547093311587,0.0,0.05719162112415215,0.058195299361609054,0.06111480993396859,0.03995153321192927,0.03129277898003738,0.06530687166112963,0.06601859319819665,0.08483811983862186,0.09549845541418767,0.06722672819614389,0.055588629309289886,0.02571684656523671,0.05750177420673201,0.039018677722053176,0.10341745012613887
HOT LEMON TEA,0.0002348837536392917,0.011324960381612834,0.013390230659163465,0.0086193286321485,0.03731081025967159,0.020645416389407915,0.009870890643992315,0.012665077690689207,0.006826932271476585,0.005415507431120555,0.019049378946176736,0.0036832198661269863,0.02068720256941484,0.024965968810769488,0.009215664671338553,0.006103645623149528,0.016370133678989054,0.01469212117861679,0.0062768636052879774,0.011236986849264342,0.009204233047580519,0.012575902137936043,0.0,0.0,0.019194783668271244,0.016651401168838488,0.014020865270207768,0.007854077318972445,0.01878862637697376,0.02160361173326742,0.04347558444668488,0.0190582307425768,0.0075467741583946655,0.005481676858201037,0.018933433654833656,1.0,0.015345305692863083,0.005719406041986692,0.008817228628808906,0.0425008057102151,0.021408372433473048,0.0,0.01870551520584397,0.006301447080534884,0.016607632465747077,0.008938052046702769,0.007666857108195302,0.007531370623756735,0.014238541289390734,0.013766825593615499,0.009454059835752069,0.017533503746563553,0.0095351177476622,0.011746103080845179,0.014205366866013161,0.024422512866484967,0.024051999831835213
JERUK HANGAT,0.06367024349541044,0.08957031908806119,0.04399695794857461,0.04768275586049903,0.07824846084391522,0.07099508905955648,0.033236823971258794,0.04070628483172416,0.03048682370671823,0.023442653399248628,0.03575322715808216,0.035440228073896934,0.06067707072907616,0.025171169161296063,0.02385415014086903,0.03202797320779316,0.03165069645327698,0.05530410376801694,0.009335224551591893,0.0425896404907552,0.02694989440080283,0.038091232816185636,0.016730783653307862,0.0076966799801193985,0.05287093194017052,0.11603998324358823,0.043488933369561715,0.02270595029288229,0.011161829281777197,0.025851496172069815,0.03685388872168788,0.0894654866756105,0.08123347789469898,0.03128285718836048,0.04521064833466313,0.020666417742025343,1.0,0.039664123225779335,0.0861310092864844,0.10702620168786871,0.08081587457035194,0.0054273942971189496,0.08449536422063027,0.04515616206888463,0.03424065229595822,0.03209127043374975,0.014295850412647764,0.04681332272728744,0.0811563434840521,0.07529749179372974,0.058962533231374285,0.03962527406985461,0.029879838322698908,0.028022666974117393,0.047214039924763654,0.10847258918329644,0.04310479958356092
KOPI HITAM,0.0468498111265736,0.025501168728390977,0.016368707661482462,0.010344448229905925,0.013034226561907763,0.01876581242560172,0.011281890929149697,0.011256979232489544,0.0034119312752187423,0.005415507431120555,0.013328537612633494,0.007368494302935377,0.023646616779948598,0.006226923217027647,0.0184523323531086,0.009158886692779988,0.006539777038738183,0.016326341557489136,0.0,0.022503181438579798,0.012276946315176139,0.01572608777252687,0.006190729667872461,0.0,0.021599351060496593,0.02512866808476727,0.014020865270207768,0.02361563293148512,0.0062505723093849545,0.00862469193608234,0.01131276450621741,0.02579168086808357,0.02218595045515595,0.013716886420807572,0.012617238717735985,0.005719406041986693,0.0344809560445869,1.0,0.01792329783158811,0.026541276089416893,0.024707431869714913,0.0,0.02892913330778453,0.007619288080967393,0.0015084231930983872,0.0067021441014259164,0.002554241253158909,0.010545813991975081,0.01118623169522012,0.010706788903015432,0.004296699351523595,0.012135182871463588,0.0,0.00880650038755696,0.009465815505467958,0.03972387443040372,0.0055426191005075315
MIE AYAM,0.06679317704650407,0.07376102958710243,0.06396986836494106,0.058110040419946586,0.028214359629879292,0.033053222737983425,0.03283586894896576,0.03536645981737217,0.01108374224631106,0.01978529449212974,0.03581561066914725,0.03213057160241635,0.043406184055311006,0.01996602010145833,0.018388965775337093,0.018301328944141094,0.01644302607311353,0.034988795109648516,0.009838300742946244,0.020981036147037866,0.030653595773018304,0.015245576713465466,0.016102931975594155,0.010341425044827794,0.04685625047270942,0.12544913908216668,0.03304729283652468,0.017339726300668434,0.008575268367213604,0.02226660282340433,0.04636737884988028,0.09862099974822489,0.1852923753086112,0.037513935705035764,0.05812095342068191,0.012445224274167367,0.08454222380830433,0.021504249166549014,1.0,0.0636851497206926,0.08150333277249835,0.0036718373473240665,0.06397812284805798,0.039355609114462974,0.03751413189899942,0.02239576310020404,0.011815561145460672,0.03667354652597649,0.07289658940976984,0.06806527239355964,0.06110009811244419,0.038031587179840495,0.034235483041454295,0.024346844667885777,0.053707217533606036,0.11979422906886314,0.034058799349980316
MIE AYAM BAKSO,0.06610906188207764,0.09964430364990393,0.07659309109158298,0.021758173774184274,0.06894962299346394,0.03859908017980208,0.04493151140481902,0.04570464271245213,0.019983876897116906,0.02687114420252923,0.05016486871210771,0.03481169358008758,0.06028286456983598,0.01778876122764205,0.028028702559215267,0.027894275686784435,0.021849642635389452,0.04364521020573676,0.01152220672234449,0.027638598102405047,0.031212654440990896,0.030984006289473197,0.02026986349509722,0.0,0.0690396816013521,0.1624201883651315,0.05009767103359572,0.03692394865908651,0.014350160043738094,0.03455445957674132,0.07022389731541842,0.08611328977654507,0.15399372214411788,0.0374366685612965,0.0757633840491215,0.042500805710215146,0.10225908430448662,0.026541276089416917,0.0602784373492382,1.0,0.11309130713671235,0.0,0.08534762055259286,0.022273666670433866,0.02352007692703816,0.020596505836304794,0.018027977294441114,0.030744962989273622,0.047288469363386404,0.04669815497476124,0.04252805710729838,0.03573295836499055,0.022687010495190844,0.052718730014138106,0.0491598188063393,0.1115780539733034,0.06308974217686177
MIE AYAM CEKER,0.05286519948973074,0.08566253685347214,0.0675676265221578,0.025918569012474874,0.041648220587550216,0.04794575200645691,0.028883024853630326,0.033481285579044055,0.02157968631830713,0.026051873510869676,0.03635368765501012,0.03337441317430952,0.04748108153763128,0.021065898861823536,0.020835885178435105,0.028661578733142734,0.016676482890009302,0.03830005891530072,0.007141270064796094,0.03146058253274078,0.023798024434246917,0.022229561711230434,0.011876013049760046,0.0,0.05312396419598642,0.13861022386946092,0.034191293298639264,0.018085029489350205,0.01067414557405193,0.019501313349277374,0.06438813976226551,0.08753598005534005,0.12304884486829137,0.04547694213767324,0.06776547093311594,0.021408372433473086,0.07587502687926853,0.024707431869714955,0.07817959063852306,0.11309130713671242,1.0,0.0,0.09241246275938221,0.025292191174819394,0.024672354011291253,0.01688664616578778,0.0094096350629347,0.024083000095725227,0.03134007475466826,0.045892491127039685,0.03733587124534675,0.02869861523085557,0.02181230527919735,0.0335545228045111,0.041175972192157025,0.08098991779146794,0.04535968838516619
MIE AYAM KOMPLIT,0.002113747134295587,0.004524717309458055,0.0,0.0,0.0,0.0,0.0,0.0,0.0,0.0,0.0,0.0,0.0,0.0,0.0,0.0,0.0,0.0,0.0,0.0,0.0,0.0,0.00637585748566137,0.0,0.0,0.00710433199605419,0.0,0.0,0.0,0.0,0.0,0.003639687588785769,0.003663031884393623,0.0,0.0,0.0,0.0,0.0,0.0,0.0,0.0,1.0,0.005364362265551472,0.0,0.0,0.0,0.0,0.0,0.0,0.0,0.0,0.0,0.0,0.008992479207894848,0.0,0.00969993237900072,0.0
MIE AYAM PANGSIT,0.06233611091131702,0.0641924491708651,0.04971294833363671,0.02603718757822371,0.047004147208028334,0.056991558470612214,0.039289930382283386,0.036011970288196055,0.020048747291410523,0.02501981688513697,0.03116917605230441,0.02624465136309049,0.03320507746904515,0.008269961162670585,0.01330016545615648,0.017316202024476098,0.015060849079572489,0.02783571113116858,0.0055303167182060775,0.020018701054689766,0.02456582904893753,0.01981099675394206,0.017521806011771474,0.0,0.04715040456495604,0.11340683385273358,0.03528538855614235,0.02742060065941499,0.005509701749707342,0.016108244200774044,0.05377481492641138,0.06684746863452647,0.11784711651073054,0.03278667112436495,0.05719162112415221,0.018705515205844007,0.07957828564022207,0.028929133307784585,0.06057640090211952,0.08534762055259293,0.09241246275938222,0.005364362265551477,1.0,0.02310531043269191,0.023672776692952445,0.014234397490021188,0.010588804872702763,0.026459674820412893,0.0372194051911264,0.03771368451434831,0.04124557225897805,0.021837702449234768,0.018291585679990483,0.032646361465858025,0.040786665639917764,0.11435055915397101,0.04398206459522404
MIE GEMES LV 1,0.034774018318823194,0.034751239790580424,0.0649028390937422,0.05376918800859803,0.025044966465957233,0.03759447084629726,0.06108378974448442,0.06567265046926846,0.024890404136899996,0.03445498372043649,0.04900956688678114,0.0455831492707933,0.080160655932046,0.033588283168024244,0.037995480752435064,0.03386010996161716,0.04324071206171675,0.062493999782216966,0.009955904948186114,0.03099218722863257,0.03081798752536176,0.02978431646374754,0.028753897354133494,0.011878593768330644,0.03918122099595475,0.08220081506581971,0.03760015861532469,0.015322602037068925,0.012753611823225439,0.022724947293558454,0.04699206305801272,0.09538055003652586,0.10480414345103489,0.04571075837317448,0.06211107228394917,0.010475283987384915,0.043991948000220896,0.011785462885785827,0.03986998199336872,0.02637292125980497,0.02937533226810488,0.004208024177480503,0.02719947156132029,1.0,0.12734057593062909,0.07829678290478553,0.05157209642669486,0.16076589396651345,0.05502446619005855,0.06512988501229547,0.04155849627829113,0.030026050237480815,0.018675089541665264,0.025184102630293966,0.03359326314772379,0.05669142350756601,0.05641751571984974
MIE GEMES LV 2,0.034627869559214014,0.026892285948516705,0.06005923543380432,0.031996150244392486,0.023138647984747615,0.028205014563747292,0.04947228469243306,0.07168386453524198,0.02972211229434569,0.018144575648442865,0.05172243110764518,0.042992881642792885,0.05966849928439925,0.019333187435665308,0.031006941531312886,0.034502024098345574,0.022971413197403076,0.03763786495104035,0.013107750350361047,0.02292637738503711,0.028234141282936366,0.02318874056255018,0.020751683760058766,0.0033971375220568857,0.03374922057576605,0.07331212610383492,0.0288438119606551,0.012153473952537965,0.01305861053103714,0.017875221956342596,0.05068011949553594,0.07006067567591873,0.07515877136440839,0.04092363204780892,0.06111480993396873,0.01660763246574714,0.02899576630067112,0.0015084231930983924,0.033991444751241176,0.02352007692703821,0.024672354011291288,0.0,0.023672776692952476,0.12375294718043864,1.0,0.075610222737694,0.06660766397243431,0.1059516085565905,0.034888570528149046,0.032011604467895534,0.05440264824700354,0.026187743454105343,0.023933976636277214,0.025504826012314557,0.022976763081433833,0.04322280810562913,0.05412738080334181
MIE GEMES LV 3,0.02628533461527216,0.02062066192670974,0.03566391161662887,0.017640948778147293,0.01894050342708041,0.01993788885400442,0.044554100304864064,0.05649955263661471,0.018900944648242636,0.021573051873280825,0.03081007450122891,0.029041816927747197,0.04380073550377149,0.025621500697359988,0.018643397924433622,0.014564204712643396,0.029511665310507914,0.030526884079538404,0.014548326015095148,0.013576571055399386,0.021293146063053887,0.016280593783390425,0.017018879600844625,0.009881924543749603,0.028083452435860773,0.0492531800925919,0.02840123597555843,0.011411578263707187,0.0,0.014092928422878067,0.032292164575192746,0.04608724025468246,0.05248133661501679,0.025444449240774346,0.039951533211929305,0.008938052046702786,0.026833150844224125,0.006702144101425927,0.018807893188482222,0.020596505836304808,0.01688664616578778,0.0,0.014234397490021183,0.07447214152654255,0.07561022273769388,1.0,0.05388187705066057,0.07259929942711296,0.03355184719048133,0.02676353825129717,0.0261881344485612,0.038794919476403934,0.020809715949027457,0.01923269788079379,0.018129921663634075,0.027181740420467483,0.03687851118290141
MIE GEMES LV 4,0.022942802671350286,0.016270104533844646,0.03190072640170973,0.013423850746376885,0.009617918990650894,0.006776184973501573,0.03693849526297137,0.04798521683769525,0.011548513492518328,0.0298240184007061,0.03252166446792295,0.016208507105477672,0.03400184111314761,0.021387667132813704,0.016594275973897222,0.005992526275862648,0.01591670750358475,0.021251162601192964,0.01943082027267507,0.022358643017043184,0.015066078959450753,0.013839024094695833,0.01513603197461528,0.0,0.008487092743218107,0.03460304310585338,0.027921241310688016,0.013001346700698926,0.0,0.004013954200865734,0.027323794009591895,0.0328441671680508,0.03709711746807585,0.019148974351607166,0.03129277898003733,0.0076668571081952965,0.008920295333932526,0.0025542412531589067,0.0081790026582513,0.018027977294441083,0.009409635062934678,0.0,0.010588804872702737,0.04761162354432147,0.06660766397243405,0.05388187705066044,1.0,0.05134235865069166,0.023878835796940275,0.02014898031427807,0.022752715873268117,0.01903580389454859,0.03987547489216397,0.020322370109874956,0.02041427784628715,0.019898467000680986,0.02201176079916978
MIE KALEM,0.04537589350777514,0.03697892295903864,0.06047273023261543,0.03998087165918807,0.030429768478155567,0.041095857715118186,0.046978606923737135,0.05847631394538971,0.02272883854670444,0.027201379985296734,0.04474403821690191,0.03987972027848315,0.05856292236484519,0.027596770780972606,0.027298382406245412,0.01990442437357616,0.021972583342034127,0.05020469728592361,0.006539998914877711,0.023736142534332615,0.022714069507280044,0.03430325217709005,0.017038828690767657,0.01356743135029017,0.04801347812332719,0.08282572719888455,0.0398587159192737,0.019866410367071926,0.011404996049976444,0.013079579988867607,0.0450026199943521,0.12067625834045165,0.1068922619607657,0.045883937329401686,0.06530687166112961,0.0075313706237567415,0.04165113089666127,0.010545813991975087,0.033147054769589415,0.030744962989273608,0.024083000095725202,0.0,0.026459674820412865,0.15734393784239625,0.10595160855659025,0.0725992994271129,0.051342358650691734,1.0,0.04866076070140998,0.06552666038868513,0.0576349919822823,0.03953441593450353,0.023895602349245402,0.015783673511199428,0.040798454750495684,0.061836185695250956,0.04181305635348115
MIE YAMIN (0),0.06020569783298492,0.04960606504305805,0.07214854873237962,0.04474827145822906,0.03915752737619044,0.04781497379336348,0.0822747499566204,0.09300870537839831,0.031856181513636395,0.036099689094854046,0.06678540011031776,0.05841386647509309,0.09220100419174385,0.03213390757772419,0.03240536441063211,0.04079934963285801,0.04948899353390783,0.08275411384719003,0.012168289855608062,0.048011642324596274,0.03666319058275235,0.06300546316276506,0.028290122727974026,0.004673165987717223,0.05066502745017716,0.11829077482472598,0.047933328630645575,0.028165778024030367,0.015428877131642683,0.026381410831736927,0.050981584639776326,0.1648166893402308,0.16602182471163424,0.04544496497374664,0.06601859319819671,0.014238541289390762,0.07623062656200799,0.01118623169522014,0.06953035860491583,0.04728846936338644,0.03134007475466826,0.0,0.0372194051911264,0.051073339198605246,0.03488857052814899,0.03355184719048133,0.023878835796940334,0.04866076070141004,1.0,0.21056248126708474,0.1348380714583988,0.08251646586658465,0.0638279138792861,0.025373785248624874,0.027525800133260142,0.08268414958166623,0.05520826568458671
MIE YAMIN LV 1,0.06527641287956992,0.05045048182330411,0.09439308924223674,0.053179262349034834,0.04043871252579603,0.04569417118609955,0.1348128431922514,0.12889008614287054,0.04407934108574558,0.058808568598234155,0.09384433072989291,0.10158022631064954,0.11381760178294865,0.048857317608698214,0.049248198009113155,0.05265379645974454,0.049329439441037674,0.12272169303581523,0.023337988936244385,0.05320172056811502,0.04326323459577529,0.04222155718352884,0.04417941310607257,0.012470700748146431,0.0456095355335722,0.13818086829135862,0.047999370886723444,0.026580889225842105,0.01577208681386823,0.03410510298579991,0.0820077812733002,0.14911340184242514,0.1963589412462155,0.0471978429600645,0.08483811983862193,0.013766825593615525,0.07034739639148058,0.010706788903015449,0.06468180294322189,0.04669815497476127,0.045892491127039685,0.0,0.037713684514348304,0.06123724457762014,0.032011604467895485,0.02676353825129717,0.02014898031427812,0.0655266603886852,0.21056248126708474,1.0,0.16166195560267155,0.10120765318260729,0.07109605979764297,0.04930859066156267,0.046290067394674984,0.07101945259168718,0.07952116392113365
MIE YAMIN LV 2,0.07121434217785076,0.04883360806656879,0.09269451833454496,0.0567071946291589,0.04107882903186953,0.04628058501761467,0.12098349137816838,0.1297928859607641,0.04749842847686841,0.06504206477579796,0.07963390980521029,0.09145627376287127,0.10295055911031445,0.05516445970339861,0.05095963484725333,0.05277303171312057,0.04321519697834687,0.09098932951107457,0.022466701005145598,0.05286108158740536,0.0550402614751721,0.045562630908803754,0.047161501142534,0.009956708129440963,0.044267492233420386,0.1439033203299822,0.04459088703313675,0.028710137927606856,0.018647767544551663,0.03504468009673828,0.0790452778210747,0.1258278637758055,0.16867139948328472,0.05331797734350346,0.09549845541418753,0.009454059835752062,0.053894949640071174,0.004296699351523591,0.05768322929681719,0.0425280571072983,0.03733587124534666,0.0,0.04124557225897794,0.03754046575316369,0.05440264824700333,0.026188134448561138,0.022752715873268117,0.05763499198228223,0.13483807145839846,0.16166195560267116,1.0,0.11021107232435431,0.07963513673995173,0.04521392510988241,0.040875372992276914,0.05758905098011237,0.08422221692718829
MIE YAMIN LV 3,0.04852472831887868,0.038750655992089975,0.06298577548810688,0.03916703981881772,0.030709990666755085,0.042000367849477874,0.08526695102730976,0.09974541467555771,0.030072234746745363,0.065288696257547,0.07022949555910667,0.0755598701246174,0.08512463263008535,0.031290688218434885,0.032590518036792845,0.036504706093983576,0.042823060036716855,0.0762432831011725,0.017576735079832127,0.03344300859707261,0.04646786210602778,0.037338115673881504,0.03547350676134678,0.006105635536026663,0.024823178989553118,0.10227283130380395,0.03643599667402817,0.016770738845126427,0.00875173628893657,0.012757504076434691,0.061232816472087656,0.0884422492923635,0.11386626755674964,0.035819376106457135,0.0672267281961439,0.01753350374656357,0.03441681011932503,0.0121351828714636,0.03451041504191378,0.03573295836499055,0.028698615230855554,0.0,0.02183770244923475,0.025945545209333003,0.026187743454105288,0.03879491947640391,0.01903580389454862,0.03953441593450355,0.08251646586658459,0.10120765318260722,0.11021107232435451,1.0,0.05791913152933703,0.043313836140759926,0.02790614463575485,0.04323140890921822,0.06909361475193429
MIE YAMIN LV 4,0.046048977099186386,0.025607331071621452,0.053276223802366685,0.026320654426640458,0.026835463602289503,0.025712640111014783,0.06852078759666075,0.07448934839852965,0.02188837113623876,0.04615379520829714,0.05956046127567852,0.05342779686148082,0.06563833361497892,0.020352499571052823,0.021092338652866055,0.03344452534464126,0.02519885868815335,0.059047882822773096,0.029352265223104378,0.033997244882209655,0.03839515454727057,0.029313533456361455,0.040451234863059286,0.017842939181705427,0.02203406973676364,0.0671755640720094,0.03842857095802194,0.02096448323792236,0.008590747828255873,0.027639993193147784,0.05187106554594593,0.06246347867554152,0.08070708742759095,0.030709370907169728,0.055588629309289886,0.009535117747662209,0.024606015992426167,0.0,0.03069845495032901,0.02268701049519084,0.02181230527919733,0.0,0.018291585679990466,0.01453660442623221,0.02393397663627716,0.02080971594902744,0.03987547489216403,0.02389560234924541,0.06382791387928605,0.07109605979764291,0.07963513673995186,0.057919131529337024,1.0,0.04360088320727822,0.024150517267041455,0.026316490036067137,0.05421224020689227
PANGSIT GORENG,0.016612333905720207,0.05715399281611133,0.03646114935544213,0.019025794844320706,0.03893517882019964,0.01737369441937083,0.027133274449616746,0.03448705878820357,0.022558992511135717,0.015289339487840765,0.018729842758359885,0.01708075574826374,0.02495923334314011,0.015588364214610486,0.015398453747243728,0.013608974869802698,0.00903315590031586,0.024695629376629665,0.006372523448028201,0.012630753445372338,0.011956931583498611,0.010466446171267546,0.017595239975401678,0.0,0.02602579486054314,0.04036398388466465,0.020511353226133257,0.010596338718244402,0.009526384896004957,0.020706682269913547,0.018556724721461828,0.033266760281408264,0.036776758633675195,0.023215661044496867,0.025716846565236685,0.011746103080845177,0.022740869225269935,0.008806500387556957,0.020771426028927575,0.052718730014138036,0.03355452280451104,0.008992479207894834,0.03264636146585796,0.021085394537878187,0.02550482601231447,0.019232697880793754,0.020322370109874966,0.015783673511199414,0.025373785248624825,0.04930859066156257,0.04521392510988244,0.04331383614075988,0.04360088320727818,1.0,0.02435951198922312,0.024879866377276152,0.03542490653494835
PANGSIT REBUS,0.05305200858258552,0.04189785540678501,0.04767467564828318,0.04559442284697593,0.053589809357072325,0.030067652104342805,0.031958454420530955,0.02284877603584572,0.01996583312765063,0.017669894495239383,0.029560033280092338,0.019688349635778334,0.0363566344499193,0.012782583211468183,0.012634132787474078,0.015367757796115433,0.005914124240773282,0.03199737506288572,0.007699426071859382,0.02607169756077212,0.0281127712712137,0.03013129517107406,0.01529403306159268,0.020895029196681344,0.03527604543215628,0.05901160737672516,0.0443693738156285,0.02071016889141719,0.0,0.02051773935113603,0.03574057419796842,0.05430932441807287,0.05520570882747276,0.019134992187852886,0.05750177420673204,0.01420536686601318,0.042056739826310724,0.00946581550546797,0.0502664596005533,0.04915981880633932,0.04117597219215701,0.0,0.040786665639917744,0.02953612413946747,0.02297676308143379,0.018129921663634068,0.02041427784628719,0.04079845475049572,0.027525800133260135,0.04629006739467497,0.040875372992277004,0.027906144635754856,0.02415051726704147,0.024359511989223155,1.0,0.046577419043394755,0.041422992749182486
TEH HANGAT,0.05084462582589768,0.09955374539016765,0.0488103723300577,0.0667071303752734,0.0725004806057489,0.08496576026212943,0.03433048770557088,0.042034962881560646,0.021004371303406627,0.01916771710908112,0.04209643518334336,0.03112396927226587,0.05052991136204241,0.02887084344691323,0.027633967203079014,0.026580220618478912,0.0222435687396088,0.041876946906548,0.004964784829383916,0.031779635757349975,0.027606980013261027,0.03566887817749799,0.01728593047249576,0.0,0.040190478489498555,0.0856820475604408,0.027423606372029508,0.020113136855823485,0.009894957103747624,0.018064819411043407,0.03423596269256852,0.09218840495869363,0.13175786676027368,0.02948940115957392,0.03901867772205319,0.024422512866485002,0.1037112994570397,0.039723874430403774,0.11663827012700387,0.11157805397330342,0.08098991779146791,0.00969993237900072,0.11435055915397094,0.05274771008278857,0.04322280810562905,0.02718174042046747,0.019898467000681024,0.061836185695251,0.0826841495816662,0.07101945259168715,0.05758905098011247,0.043231408909218234,0.026316490036067147,0.024879866377276183,0.04657741904339474,1.0,0.03551222475167446
THAI TEA,0.03227744234396264,0.04058922461343849,0.07160744653130255,0.04041612256238805,0.06553092888765863,0.0629635922682829,0.06923523874172491,0.07082209069694118,0.03393280984947745,0.04532226988397086,0.05622687194253772,0.05536099298893711,0.06025718129892457,0.03150889467296021,0.031159038360473075,0.037682418481587925,0.04691611089171741,0.07009349970456034,0.01604507177751983,0.03313140599787896,0.030011480493930105,0.03401534536557375,0.02040424783328674,0.012357537732598803,0.04187075632606304,0.0662110971678676,0.04555950496520505,0.029817632141456954,0.015985480967778413,0.026302629050587143,0.05574895881023071,0.07568228439548638,0.0490155635373362,0.021285423784773945,0.1034174501261387,0.024051999831835192,0.03791792970589282,0.005542619100507526,0.030522612478981602,0.06308974217686165,0.04535968838516609,0.0,0.04398206459522393,0.05247489770379223,0.054127380803341604,0.03687851118290133,0.02201176079916978,0.04181305635348109,0.05520826568458659,0.07952116392113345,0.08422221692718829,0.06909361475193418,0.054212240206892186,0.035424906534948335,0.0414229927491824,0.0355122247516744,1.0
